[
  {
    "version": "USA",
    "routes" : [
      {"rt":"Boston to Miami","pt": 12},
      {"rt":"Calgary to Phoenix","pt": 13},
      {"rt":"Calgary to Salt Lake City","pt": 7},
      {"rt":"Chicago to New Orleans","pt": 7},
      {"rt":"Chicago to Santa Fe","pt": 9},
      {"rt":"Dallas to New York","pt": 11},
      {"rt":"Denver to El Paso","pt": 4},
      {"rt":"Denver to Pittsburgh","pt": 11},
      {"rt":"Duluth to El Paso","pt": 10},
      {"rt":"Duluth to Houston","pt": 8},
      {"rt":"Helena to Los Angeles","pt": 8},
      {"rt":"Kansas City to Houston","pt": 5},
      {"rt":"Los Angeles to Chicago","pt": 16},
      {"rt":"Los Angeles to Miami","pt": 20},
      {"rt":"Los Angeles to New York","pt": 21},
      {"rt":"Montreal to Atlanta","pt": 9},
      {"rt":"Montreal to New Orleans","pt": 13},
      {"rt":"New York to Atlanta","pt": 6},
      {"rt":"Portland to Nashville","pt": 17},
      {"rt":"Portland to Phoenix","pt": 11},
      {"rt":"San Francisco to Atlanta","pt": 17},
      {"rt":"Sault St. Marie to Nashville","pt": 8},
      {"rt":"Sault St. Marie to Oklahoma City","pt": 9},
      {"rt":"Seattle to Los Angeles","pt": 9},
      {"rt":"Seattle to New York","pt": 22},
      {"rt":"Toronto to Miami","pt": 10},
      {"rt":"Vancouver to Montreal","pt": 20},
      {"rt":"Vancouver to Santa Fe","pt": 13},
      {"rt":"Winnipeg to Houston","pt": 12},
      {"rt":"Winnipeg to Little Rock","pt": 11}
    ],
    "bonuses": [
      {"name":"Longest Route","pt": 10}
    ]
  },
  {
    "version": "USA 1910",
    "routes": [
      {"rt":"Calgary to Nashville","pt": 14},
      {"rt":"Chicago to Atlanta","pt": 5},
      {"rt":"Chicago to Boston","pt": 7},
      {"rt":"Chicago to New York","pt": 5},
      {"rt":"Denver to Saint Louis","pt": 6},
      {"rt":"Duluth to Dallas","pt": 7},
      {"rt":"Houston to Washington","pt": 10},
      {"rt":"Kansas City to Boston","pt": 11},
      {"rt":"Las Vegas to Miami","pt": 21},
      {"rt":"Las Vegas to New York","pt": 19},
      {"rt":"Los Angeles to Atlanta","pt": 15},
      {"rt":"Los Angeles to Calgary","pt": 12},
      {"rt":"Los Angeles to Oklahoma City","pt": 9},
      {"rt":"Montreal to Dallas","pt": 13},
      {"rt":"Montreal to Raleigh","pt": 7},
      {"rt":"Nashville to New York","pt": 6},
      {"rt":"New York to Miami","pt": 10},
      {"rt":"Omaha to New Orleans","pt": 8},
      {"rt":"Phoenix to Boston","pt": 19},
      {"rt":"Pittsburgh to New Orleans","pt": 8},
      {"rt":"Portland to Houston","pt": 16},
      {"rt":"Portland to Pittsburgh","pt": 19},
      {"rt":"Saint Louis to Miami","pt": 8},
      {"rt":"Salt Lake City to Chicago","pt": 11},
      {"rt":"Salt Lake City to Kansas City","pt": 7},
      {"rt":"San Francisco to Sault St. Marie","pt": 17},
      {"rt":"San Francisco to Washington","pt": 21},
      {"rt":"Sault St. Marie to Miami","pt": 12},
      {"rt":"Seattle to Las Vegas","pt": 10},
      {"rt":"Seattle to Oklahoma City","pt": 14},
      {"rt":"Toronto to Charleston","pt": 6},
      {"rt":"Vancouver to Denver","pt": 11},
      {"rt":"Vancouver to Duluth","pt": 13},
      {"rt":"Washington to Atlanta","pt": 4},
      {"rt":"Winnipeg to Santa Fe","pt": 10}
    ],
    "bonuses": [
      {"name":"Most Completed Tickets","pt": 15}
    ]
  },
  {
    "version": "USA Mega Game",
    "routes": [
      {"rt":"Boston to Miami","pt": 12},
      {"rt":"Boston to Washington","pt": 4},
      {"rt":"Calgary to Nashville","pt": 14},
      {"rt":"Calgary to Phoenix","pt": 13},
      {"rt":"Calgary to Salt Lake City","pt": 7},
      {"rt":"Chicago to Atlanta","pt": 5},
      {"rt":"Chicago to Boston","pt": 7},
      {"rt":"Chicago to New Orleans","pt": 7},
      {"rt":"Chicago to New York","pt": 5},
      {"rt":"Chicago to Santa Fe","pt": 9},
      {"rt":"Dallas to New York","pt": 11},
      {"rt":"Denver to El Paso","pt": 4},
      {"rt":"Denver to Pittsburgh","pt": 11},
      {"rt":"Denver to Saint Louis","pt": 6},
      {"rt":"Duluth to Dallas","pt": 7},
      {"rt":"Duluth to El Paso","pt": 10},
      {"rt":"Duluth to Houston","pt": 8},
      {"rt":"Helena to Los Angeles","pt": 8},
      {"rt":"Houston to Washington","pt": 10},
      {"rt":"Kansas City to Boston","pt": 11},
      {"rt":"Kansas City to Houston","pt": 5},
      {"rt":"Las Vegas to Miami","pt": 21},
      {"rt":"Las Vegas to New York","pt": 19},
      {"rt":"Los Angeles to Atlanta","pt": 15},
      {"rt":"Los Angeles to Calgary","pt": 12},
      {"rt":"Los Angeles to Chicago","pt": 16},
      {"rt":"Los Angeles to Miami","pt": 19},
      {"rt":"Los Angeles to New York","pt": 20},
      {"rt":"Los Angeles to Oklahoma City","pt": 9},
      {"rt":"Montreal to Atlanta","pt": 9},
      {"rt":"Montreal to Chicago","pt": 7},
      {"rt":"Montreal to Dallas","pt": 13},
      {"rt":"Montreal to New Orleans","pt": 13},
      {"rt":"Montreal to Raleigh","pt": 7},
      {"rt":"Nashville to New York","pt": 6},
      {"rt":"New York to Atlanta","pt": 6},
      {"rt":"New York to Miami","pt": 10},
      {"rt":"Omaha to New Orleans","pt": 8},
      {"rt":"Phoenix to Boston","pt": 19},
      {"rt":"Pittsburgh to New Orleans","pt": 8},
      {"rt":"Portland to Houston","pt": 16},
      {"rt":"Portland to Nashville","pt": 17},
      {"rt":"Portland to Phoenix","pt": 11},
      {"rt":"Portland to Pittsburgh","pt": 19},
      {"rt":"Saint Louis to Miami","pt": 8},
      {"rt":"Salt Lake City to Chicago","pt": 11},
      {"rt":"Salt Lake City to Kansas City","pt": 7},
      {"rt":"San Francisco to Atlanta","pt": 17},
      {"rt":"San Francisco to Sault St. Marie","pt": 17},
      {"rt":"San Francisco to Washington","pt": 21},
      {"rt":"Sault St. Marie to Miami","pt": 12},
      {"rt":"Sault St. Marie to Nashville","pt": 8},
      {"rt":"Sault St. Marie to Oklahoma City","pt": 8},
      {"rt":"Seattle to Las Vegas","pt": 10},
      {"rt":"Seattle to Los Angeles","pt": 9},
      {"rt":"Seattle to New York","pt": 20},
      {"rt":"Seattle to Oklahoma City","pt": 14},
      {"rt":"Toronto to Charleston","pt": 6},
      {"rt":"Toronto to Miami","pt": 10},
      {"rt":"Vancouver to Denver","pt": 11},
      {"rt":"Vancouver to Duluth","pt": 13},
      {"rt":"Vancouver to Montreal","pt": 20},
      {"rt":"Vancouver to Portland","pt": 2},
      {"rt":"Vancouver to Santa Fe","pt": 13},
      {"rt":"Washington to Atlanta","pt": 4},
      {"rt":"Winnipeg to Houston","pt": 12},
      {"rt":"Winnipeg to Little Rock","pt": 11},
      {"rt":"Winnipeg to Omaha","pt": 6},
      {"rt":"Winnipeg to Santa Fe","pt": 10}
    ],
    "bonuses": [
      {"name":"Longest Route","pt": 10},
      {"name":"Most Completed Tickets","pt": 15}
    ]
  },
  {
    "version": "USA Big Cities",
    "routes": [
      {"rt":"Boston to Miami","pt": 12},
      {"rt":"Chicago to Atlanta","pt": 5},
      {"rt":"Chicago to Boston","pt": 7},
      {"rt":"Chicago to New Orleans","pt": 7},
      {"rt":"Chicago to New York","pt": 5},
      {"rt":"Chicago to Santa Fe","pt": 9},
      {"rt":"Dallas to New York","pt": 11},
      {"rt":"Duluth to Dallas","pt": 7},
      {"rt":"Duluth to Houston","pt": 8},
      {"rt":"Helena to Los Angeles","pt": 8},
      {"rt":"Houston to Washington","pt": 10},
      {"rt":"Kansas City to Houston","pt": 5},
      {"rt":"Las Vegas to Miami","pt": 21},
      {"rt":"Las Vegas to New York","pt": 19},
      {"rt":"Los Angeles to Atlanta","pt": 15},
      {"rt":"Los Angeles to Calgary","pt": 12},
      {"rt":"Los Angeles to Chicago","pt": 16},
      {"rt":"Los Angeles to Miami","pt": 19},
      {"rt":"Los Angeles to New York","pt": 20},
      {"rt":"Los Angeles to Oklahoma City","pt": 9},
      {"rt":"Montreal to Chicago","pt": 7},
      {"rt":"Montreal to Dallas","pt": 13},
      {"rt":"Nashville to New York","pt": 6},
      {"rt":"New York to Atlanta","pt": 6},
      {"rt":"New York to Miami","pt": 10},
      {"rt":"Portland to Houston","pt": 16},
      {"rt":"Saint Louis to Miami","pt": 8},
      {"rt":"Salt Lake City to Chicago","pt": 11},
      {"rt":"Sault St. Marie to Miami","pt": 12},
      {"rt":"Seattle to Las Vegas","pt": 10},
      {"rt":"Seattle to Los Angeles","pt": 9},
      {"rt":"Seattle to New York","pt": 20},
      {"rt":"Seattle to Oklahoma City","pt": 14},
      {"rt":"Toronto to Miami","pt": 10},
      {"rt":"Winnipeg to Houston","pt": 12}
    ],
    "bonuses": [
      {"name":"Most Completed Tickets","pt": 15}
    ]
  },
  {
    "version": "Europe",
    "routes": [
      {"rt":"Angora to Kharkov","pt": 10},
      {"rt":"Athina to Angora","pt": 5},
      {"rt":"Athina to Wilno","pt": 11},
      {"rt":"Berlin to Bucuresti","pt": 8},
      {"rt":"Berlin to Moskva","pt": 12},
      {"rt":"Berlin to Roma","pt": 9},
      {"rt":"London to Berlin","pt": 7},
      {"rt":"London to Wien","pt": 10},
      {"rt":"Madrid to Dieppe","pt": 8},
      {"rt":"Madrid to Zurich","pt": 8},
      {"rt":"Paris to Edinburgh","pt": 7},
      {"rt":"Paris to Wien","pt": 8},
      {"rt":"Paris to Zagrab","pt": 7},
      {"rt":"Roma to Smyrna","pt": 8},
      {"rt":"Rostov to Erzurum","pt": 5},
      {"rt":"Wien to Stockholm","pt": 11},
      {"rt":"Amsterdam to Pamplona","pt": 7},
      {"rt":"Amsterdam to Wilno","pt": 12},
      {"rt":"Barcelona to Bruxelles","pt": 8},
      {"rt":"Barcelona to Munchen","pt": 8},
      {"rt":"Brest to Marseille","pt": 7},
      {"rt":"Brest to Venezia","pt": 8},
      {"rt":"Bruxelles to Danzig","pt": 9},
      {"rt":"Budapest to Sofia","pt": 5},
      {"rt":"Essen to Kyiv","pt": 10},
      {"rt":"Frankfurt to Kobenhavn","pt": 5},
      {"rt":"Frankfurt to Smolensk","pt": 13},
      {"rt":"Kyiv to Petrograd","pt": 6},
      {"rt":"Kyiv to Sochi","pt": 8},
      {"rt":"Marseille to Essen","pt": 8},
      {"rt":"Palermo to Constantinople","pt": 8},
      {"rt":"Riga to Bucuresti","pt": 10},
      {"rt":"Roma to Smyrna","pt": 8},
      {"rt":"Sarajevo to Sevestopol","pt": 8},
      {"rt":"Smolensk to Rostov","pt": 8},
      {"rt":"Sofia to Smyrna","pt": 5},
      {"rt":"Venezia to Constantinople","pt": 10},
      {"rt":"Warszawa to Smolensk","pt": 6},
      {"rt":"Zagrab to Brindisi","pt": 6},
      {"rt":"Zurich to Brindisi","pt": 6},
      {"rt":"Zurich to Budapest","pt": 6},
      {"rt":"Brest to Petrograd","pt": 20},
      {"rt":"Cadiz to Stockholm","pt": 21},
      {"rt":"Edinburgh to Athina","pt": 21},
      {"rt":"Kobenhavn to Erzurum","pt": 21},
      {"rt":"Lisboa to Danzig","pt": 20},
      {"rt":"Palermo to Moskva","pt": 20}
    ],
    "bonuses": [
      {"name":"Longest Route","pt": 10}
    ]
  },
  {
    "version": "Europe Expanded",
    "routes": [
      {"rt":"Amsterdam to Pamplona","pt": 7},
      {"rt":"Amsterdam to Wilno","pt": 12},
      {"rt":"Angora to Kharkov","pt": 10},
      {"rt":"Athina to Angora","pt": 5},
      {"rt":"Athina to Wilno","pt": 11},
      {"rt":"Barcelona to Bruxelles","pt": 8},
      {"rt":"Barcelona to Munchen","pt": 8},
      {"rt":"Berlin to Angora","pt": 13},
      {"rt":"Berlin to Athina","pt": 11},
      {"rt":"Berlin to Bucuresti","pt": 8},
      {"rt":"Berlin to Moskva","pt": 12},
      {"rt":"Berlin to Roma","pt": 9},
      {"rt":"Berlin to Wien","pt": 3},
      {"rt":"Brest to Marseille","pt": 7},
      {"rt":"Brest to Petrograd","pt": 20},
      {"rt":"Brest to Venezia","pt": 8},
      {"rt":"Bruxelles to Danzig","pt": 9},
      {"rt":"Budapest to Sofia","pt": 5},
      {"rt":"Cadiz to Stockholm","pt": 21},
      {"rt":"Edinburgh to Athina","pt": 21},
      {"rt":"Essen to Kyiv","pt": 10},
      {"rt":"Frankfurt to Kobenhavn","pt": 5},
      {"rt":"Frankfurt to Smolensk","pt": 13},
      {"rt":"Kobenhavn to Erzurum","pt": 21},
      {"rt":"Kyiv to Petrograd","pt": 6},
      {"rt":"Kyiv to Sochi","pt": 8},
      {"rt":"Lisboa to Danzig","pt": 20},
      {"rt":"London to Angora","pt": 20},
      {"rt":"London to Athina","pt": 16},
      {"rt":"London to Berlin","pt": 7},
      {"rt":"London to Madrid","pt": 10},
      {"rt":"London to Moskva","pt": 19},
      {"rt":"London to Paris","pt": 3},
      {"rt":"London to Roma","pt": 10},
      {"rt":"London to Wien","pt": 10},
      {"rt":"Madrid to Angora","pt": 21},
      {"rt":"Madrid to Athina","pt": 16},
      {"rt":"Madrid to Berlin","pt": 13},
      {"rt":"Madrid to Dieppe","pt": 8},
      {"rt":"Madrid to Moskva","pt": 25},
      {"rt":"Madrid to Roma","pt": 10},
      {"rt":"Madrid to Wien","pt": 13},
      {"rt":"Madrid to Zurich","pt": 8},
      {"rt":"Marseille to Essen","pt": 8},
      {"rt":"Moskva to Angora","pt": 14},
      {"rt":"Moskva to Athina","pt": 14},
      {"rt":"Palermo to Constantinople","pt": 8},
      {"rt":"Palermo to Moskva","pt": 20},
      {"rt":"Paris to Angora","pt": 13},
      {"rt":"Paris to Athina","pt": 13},
      {"rt":"Paris to Berlin","pt": 7},
      {"rt":"Paris to Edinburgh","pt": 7},
      {"rt":"Paris to Madrid","pt": 7},
      {"rt":"Paris to Moskva","pt": 18},
      {"rt":"Paris to Roma","pt": 10},
      {"rt":"Paris to Wien","pt": 8},
      {"rt":"Paris to Zagrab","pt": 7},
      {"rt":"Riga to Bucuresti","pt": 10},
      {"rt":"Roma to Angora","pt": 11},
      {"rt":"Roma to Athina","pt": 6},
      {"rt":"Roma to Moskva","pt": 17},
      {"rt":"Roma to Smyrna","pt": 8},
      {"rt":"Roma to Smyrna","pt": 8},
      {"rt":"Rostov to Erzurum","pt": 5},
      {"rt":"Sarajevo to Sevestopol","pt": 8},
      {"rt":"Smolensk to Rostov","pt": 8},
      {"rt":"Sofia to Smyrna","pt": 5},
      {"rt":"Venezia to Constantinople","pt": 10},
      {"rt":"Warszawa to Smolensk","pt": 6},
      {"rt":"Wien to Angora","pt": 10},
      {"rt":"Wien to Athina","pt": 8},
      {"rt":"Wien to Moskva","pt": 12},
      {"rt":"Wien to Roma","pt": 6},
      {"rt":"Wien to Stockholm","pt": 11},
      {"rt":"Zagrab to Brindisi","pt": 6},
      {"rt":"Zurich to Brindisi","pt": 6},
      {"rt":"Zurich to Budapest","pt": 6}
    ],
    "bonuses": [
      {"name":"Longest Route","pt": 10}
    ]
  },
  {
    "version": "Europe Big Cities",
    "routes": [
      {"rt":"Amsterdam to Venezia","pt": 6},
      {"rt":"Angora to Kharkov","pt": 10},
      {"rt":"Athina to Angora","pt": 5},
      {"rt":"Athina to Wilno","pt": 11},
      {"rt":"Berlin to Bucuresti","pt": 8},
      {"rt":"Berlin to Moskva","pt": 12},
      {"rt":"Berlin to Roma","pt": 9},
      {"rt":"Bruxelles to Stockholm","pt": 10},
      {"rt":"Bucuresti to Erzurum","pt": 7},
      {"rt":"Cadiz to Frankfurt","pt": 13},
      {"rt":"Danzig to Budapest","pt": 7},
      {"rt":"Dieppe to Kobenhavn","pt": 9},
      {"rt":"Dieppe to Marseille","pt": 5},
      {"rt":"Edinburgh to Essen","pt": 9},
      {"rt":"Lisboa to Cadiz","pt": 2},
      {"rt":"London to Berlin","pt": 7},
      {"rt":"London to Wien","pt": 10},
      {"rt":"Madrid to Dieppe","pt": 8},
      {"rt":"Madrid to Zurich","pt": 8},
      {"rt":"Munchen to Petrograd","pt": 14},
      {"rt":"Munchen to Sarajevo","pt": 7},
      {"rt":"Pamplona to Palermo","pt": 12},
      {"rt":"Paris to Edinburgh","pt": 7},
      {"rt":"Paris to Wien","pt": 8},
      {"rt":"Paris to Zagrab","pt": 7},
      {"rt":"Riga to Kharkov","pt": 10},
      {"rt":"Roma to Smyrna","pt": 8},
      {"rt":"Rostov to Erzurum","pt": 5},
      {"rt":"Sochi to Smyrna","pt": 9},
      {"rt":"Sofia to Kyiv","pt": 6},
      {"rt":"Stockholm to Wilno","pt": 12},
      {"rt":"Venezia to Warszawa","pt": 8},
      {"rt":"Warszawa to Budapest","pt": 5},
      {"rt":"Warszawa to Sevastopol","pt": 12},
      {"rt":"Wien to Stockholm","pt": 11}
    ]
  },
  {
    "version": "Mega Europe",
    "routes": [
      {"rt":"Amsterdam to Pamplona","pt": 7},
      {"rt":"Amsterdam to Rostov","pt": 19},
      {"rt":"Amsterdam to Venezia","pt": 6},
      {"rt":"Amsterdam to Wilno","pt": 12},
      {"rt":"Angora to Kharkov","pt": 10},
      {"rt":"Athina to Angora","pt": 5},
      {"rt":"Athina to Wilno","pt": 11},
      {"rt":"Barcelona to Bruxelles","pt": 8},
      {"rt":"Barcelona to Munchen","pt": 8},
      {"rt":"Berlin to Angora","pt": 13},
      {"rt":"Berlin to Athina","pt": 11},
      {"rt":"Berlin to Bucuresti","pt": 8},
      {"rt":"Berlin to Moskva","pt": 12},
      {"rt":"Berlin to Roma","pt": 9},
      {"rt":"Berlin to Wien","pt": 3},
      {"rt":"Brest to Marseille","pt": 7},
      {"rt":"Brest to Petrograd","pt": 20},
      {"rt":"Brest to Venezia","pt": 8},
      {"rt":"Bruxelles to Danzig","pt": 9},
      {"rt":"Bruxelles to Stockholm","pt": 10},
      {"rt":"Bucuresti to Erzurum","pt": 7},
      {"rt":"Budapest to Sofia","pt": 5},
      {"rt":"Cadiz to Frankfurt","pt": 13},
      {"rt":"Cadiz to Stockholm","pt": 21},
      {"rt":"Danzig to Budapest","pt": 7},
      {"rt":"Dieppe to Kobenhavn","pt": 9},
      {"rt":"Dieppe to Marseille","pt": 5},
      {"rt":"Edinburgh to Athina","pt": 21},
      {"rt":"Edinburgh to Essen","pt": 9},
      {"rt":"Essen to Angora","pt": 16},
      {"rt":"Essen to Kyiv","pt": 10},
      {"rt":"Frankfurt to Kobenhavn","pt": 5},
      {"rt":"Frankfurt to Smolensk","pt": 13},
      {"rt":"Kobenhavn to Erzurum","pt": 21},
      {"rt":"Kyiv to Petrograd","pt": 6},
      {"rt":"Kyiv to Sochi","pt": 8},
      {"rt":"Lisboa to Cadiz","pt": 2},
      {"rt":"Lisboa to Danzig","pt": 20},
      {"rt":"London to Angora","pt": 20},
      {"rt":"London to Athina","pt": 16},
      {"rt":"London to Berlin","pt": 7},
      {"rt":"London to Madrid","pt": 10},
      {"rt":"London to Moskva","pt": 19},
      {"rt":"London to Paris","pt": 3},
      {"rt":"London to Roma","pt": 10},
      {"rt":"London to Sochi","pt": 20},
      {"rt":"London to Wien","pt": 10},
      {"rt":"Madrid to Angora","pt": 21},
      {"rt":"Madrid to Athina","pt": 16},
      {"rt":"Madrid to Berlin","pt": 13},
      {"rt":"Madrid to Dieppe","pt": 8},
      {"rt":"Madrid to Moskva","pt": 25},
      {"rt":"Madrid to Roma","pt": 10},
      {"rt":"Madrid to Wien","pt": 13},
      {"rt":"Madrid to Zurich","pt": 8},
      {"rt":"Marseille to Essen","pt": 8},
      {"rt":"Moskva to Angora","pt": 14},
      {"rt":"Moskva to Athina","pt": 14},
      {"rt":"Munchen to Petrograd","pt": 14},
      {"rt":"Munchen to Sarajevo","pt": 7},
      {"rt":"Palermo to Constantinople","pt": 8},
      {"rt":"Palermo to Moskva","pt": 20},
      {"rt":"Pamplona to Kyiv","pt": 18},
      {"rt":"Pamplona to Palermo","pt": 12},
      {"rt":"Paris to Angora","pt": 13},
      {"rt":"Paris to Athina","pt": 13},
      {"rt":"Paris to Berlin","pt": 7},
      {"rt":"Paris to Edinburgh","pt": 7},
      {"rt":"Paris to Madrid","pt": 7},
      {"rt":"Paris to Moskva","pt": 18},
      {"rt":"Paris to Roma","pt": 10},
      {"rt":"Paris to Sevastopol","pt": 17},
      {"rt":"Paris to Wien","pt": 8},
      {"rt":"Paris to Zagrab","pt": 7},
      {"rt":"Riga to Brindisi","pt": 17},
      {"rt":"Riga to Bucuresti","pt": 10},
      {"rt":"Riga to Kharkov","pt": 10},
      {"rt":"Roma to Angora","pt": 11},
      {"rt":"Roma to Athina","pt": 6},
      {"rt":"Roma to Moskva","pt": 17},
      {"rt":"Roma to Smyrna","pt": 8},
      {"rt":"Roma to Smyrna","pt": 8},
      {"rt":"Rostov to Erzurum","pt": 5},
      {"rt":"Sarajevo to Sevestopol","pt": 8},
      {"rt":"Smolensk to Rostov","pt": 8},
      {"rt":"Sochi to Smyrna","pt": 9},
      {"rt":"Sofia to Kyiv","pt": 6},
      {"rt":"Sofia to Smyrna","pt": 5},
      {"rt":"Stockholm to Wilno","pt": 12},
      {"rt":"Venezia to Constantinople","pt": 10},
      {"rt":"Venezia to Warszawa","pt": 8},
      {"rt":"Warszawa to Budapest","pt": 5},
      {"rt":"Warszawa to Sevastopol","pt": 12},
      {"rt":"Warszawa to Smolensk","pt": 6},
      {"rt":"Wien to Angora","pt": 10},
      {"rt":"Wien to Athina","pt": 8},
      {"rt":"Wien to Moskva","pt": 12},
      {"rt":"Wien to Roma","pt": 6},
      {"rt":"Wien to Stockholm","pt": 11},
      {"rt":"Zagrab to Brindisi","pt": 6},
      {"rt":"Zurich to Brindisi","pt": 6},
      {"rt":"Zurich to Budapest","pt": 6}
    ],
    "bonuses": [
      {"name":"Longest Route","pt": 10}
    ]
  },
  {
    "version": "Nordic Countries",
    "routes": [
      {"rt":"Alborg to Norrkoping","pt": 5},
      {"rt":"Alborg to Umea","pt": 11},
      {"rt":"Arhus to Lillehammer","pt": 6},
      {"rt":"Bergen to Kobenhavn","pt": 8},
      {"rt":"Bergen to Narvik","pt": 16},
      {"rt":"Bergen to Tornio","pt": 17},
      {"rt":"Bergen to Trondheim","pt": 7},
      {"rt":"Goteborg to Andalsnes","pt": 6},
      {"rt":"Goteborg to Oulu","pt": 12},
      {"rt":"Goteborg to Turku","pt": 7},
      {"rt":"Helsinki to Bergen","pt": 12},
      {"rt":"Helsinki to Kirkenes","pt": 13},
      {"rt":"Helsinki to Kiruna","pt": 10},
      {"rt":"Helsinki to Kobenhavn","pt": 10},
      {"rt":"Helsinki to Lieksa","pt": 5},
      {"rt":"Helsinki to Ostersund","pt": 8},
      {"rt":"Kobenhavn to Murmansk","pt": 24},
      {"rt":"Kobenhavn to Narvik","pt": 18},
      {"rt":"Kobenhavn to Oulu","pt": 14},
      {"rt":"Kristiansand to Mo i Rana","pt": 12},
      {"rt":"Narvik to Murmansk","pt": 12},
      {"rt":"Narvik to Tallinn","pt": 13},
      {"rt":"Norrkping to Boden","pt": 11},
      {"rt":"Orebro to Kuopio","pt": 10},
      {"rt":"Oslo to Helsinki","pt": 8},
      {"rt":"Oslo to Honningsvag","pt": 21},
      {"rt":"Oslo to Kobenhavn","pt": 4},
      {"rt":"Oslo to Mo i Rana","pt": 10},
      {"rt":"Oslo to Stavanger","pt": 4},
      {"rt":"Oslo to Stockholm","pt": 4},
      {"rt":"Oslo to Vaasa","pt": 9},
      {"rt":"Stavanger to Karlskrona","pt": 8},
      {"rt":"Stavanger to Rovaneimi","pt": 18},
      {"rt":"Stockholm to Bergen","pt": 8},
      {"rt":"Stockholm to Imatra","pt": 7},
      {"rt":"Stockholm to Kajaani","pt": 10},
      {"rt":"Stockholm to Kobenhavn","pt": 6},
      {"rt":"Stockholm to Tromso","pt": 17},
      {"rt":"Stockholm to Umea","pt": 7},
      {"rt":"Sundsvall to Lahti","pt": 6},
      {"rt":"Tampere to Boden","pt": 6},
      {"rt":"Tampere to Kristiansand","pt": 10},
      {"rt":"Tampere to Tallinn","pt": 3},
      {"rt":"Tornio to Imatra","pt": 6},
      {"rt":"Tromso to Vaasa","pt": 11},
      {"rt":"Turku to Trondheim","pt": 10}
    ],
    "bonuses": [
      {"name":"Most Completed Tickets","pt": 15}
    ]
  },
  {
    "version": "India",
    "routes": [
      {"rt":"Acra to Jarhat","pt": 8},
      {"rt":"Ahmadabad to Calicut","pt": 7},
      {"rt":"Ambala to Mormagau","pt": 10},
      {"rt":"Ambala to Ratiam","pt": 5},
      {"rt":"Ambala to Waltain","pt": 9},
      {"rt":"Bareilly to Ahmadabad","pt": 5},
      {"rt":"Bareilly to Calcutta","pt": 6},
      {"rt":"Bareilly to Cuntakal","pt": 10},
      {"rt":"Belhi to Calicut","pt": 11},
      {"rt":"Bhatina to Manmad","pt": 9},
      {"rt":"Bhatinda to Bezwada","pt": 13},
      {"rt":"Bhatinda to Bilaspur","pt": 7},
      {"rt":"Bhopal to Calcutta","pt": 6},
      {"rt":"Bhopal to Mormagau","pt": 5},
      {"rt":"Bilaspur to Calicut","pt": 10},
      {"rt":"Bilaspur to Dhubri","pt": 5},
      {"rt":"Bombay to Bezwada","pt": 5},
      {"rt":"Bombay to Quilon","pt": 6},
      {"rt":"Calcutta to Erode","pt": 9},
      {"rt":"Calcutta to Indur","pt": 8},
      {"rt":"Chittagong to Wadi","pt": 11},
      {"rt":"Delhi to Chittagong","pt": 9},
      {"rt":"Delhi to Indur","pt": 9},
      {"rt":"Dhubri to Mangalore","pt": 12},
      {"rt":"Jacobabad to Bombay","pt": 10},
      {"rt":"Jacobabad to Calcutta","pt": 13},
      {"rt":"Jacobabad to Ratiam","pt": 9},
      {"rt":"Jaipur to Patna","pt": 5},
      {"rt":"Jaipur to Poona","pt": 5},
      {"rt":"Jaipur to Raipur","pt": 5},
      {"rt":"Jarhat to Bombay","pt": 13},
      {"rt":"Johdpur to Cuntakal","pt": 9},
      {"rt":"Johdpur to Khandwa","pt": 5},
      {"rt":"Johdpur to Lucknow","pt": 5},
      {"rt":"Kaipur to Cuntakal","pt": 7},
      {"rt":"Karachi to Ahmadabad","pt": 6},
      {"rt":"Karachi to Delhi","pt": 7},
      {"rt":"Karachi to Poona","pt": 7},
      {"rt":"Katni to Khandwa","pt": 5},
      {"rt":"Katni to Wadi","pt": 8},
      {"rt":"Katni to Waltain","pt": 5},
      {"rt":"Khandwa to Chittagomg","pt": 10},
      {"rt":"Lahore to Delhi","pt": 5},
      {"rt":"Lahore to Dhubri","pt": 12},
      {"rt":"Lahore to Wadi","pt": 13},
      {"rt":"Lucknow to Bombay","pt": 7},
      {"rt":"Lucknow to Erode","pt": 11},
      {"rt":"MAdras to Quilon","pt": 6},
      {"rt":"Manmad to Erode","pt": 7},
      {"rt":"Patna to Madras","pt": 9},
      {"rt":"Patna to Mormugau","pt": 10},
      {"rt":"Peshawar to Bhopal","pt": 9},
      {"rt":"Peshawar to Madras","pt": 17},
      {"rt":"Raipur to Manmad","pt": 5},
      {"rt":"Ratiam to Bezwada","pt": 8},
      {"rt":"Rohri to Acra","pt": 7},
      {"rt":"Rohri to Mangalore","pt": 12},
      {"rt":"Waltain to Mangalore","pt": 6}
    ],
    "bonuses": [
      {"name":"Longest Route","pt": 10}
    ]
  },
  {
    "version": "Legendary Asia",
    "routes": [
      {"rt":"Ankara to Colombo","pt": 18},
      {"rt":"Astrakhan to Hanoi","pt": 18},
      {"rt":"Astrakhan to Karachi","pt": 10},
      {"rt":"Chita to Shanghai","pt": 8},
      {"rt":"Dihua to Mandalay","pt": 10},
      {"rt":"Dihua to Seoul","pt": 9},
      {"rt":"Irkutsk to Dihua","pt": 6},
      {"rt":"Irkutsk to Khabarovsk","pt": 7},
      {"rt":"Kathmandu to Calcutta","pt": 5},
      {"rt":"Khabarovsk to Karachi","pt": 17},
      {"rt":"Kobe to Macau","pt": 7},
      {"rt":"Krasnoyarsk to Peking","pt": 9},
      {"rt":"Krasnoyarsk to Samarkand","pt": 8},
      {"rt":"Krasnoyarsk to Singapore","pt": 17},
      {"rt":"Lhasa to Bangkok","pt": 7},
      {"rt":"Macau to Singapore","pt": 6},
      {"rt":"Moscow to Ankara","pt": 7},
      {"rt":"Moscow to Calcutta","pt": 16},
      {"rt":"Moscow to Mecca","pt": 10},
      {"rt":"Omsk to Astrakhan","pt": 6},
      {"rt":"Omsk to Baghdad","pt": 10},
      {"rt":"Omsk to Kobe","pt": 16},
      {"rt":"Peking to Saigon","pt": 9},
      {"rt":"Perm to Irkutsk","pt": 9},
      {"rt":"Perm to Tehran","pt": 6},
      {"rt":"Rangoon to Colombo","pt": 7},
      {"rt":"Rawalpindi to Bombay","pt": 5},
      {"rt":"Samarkand to Agra","pt": 6},
      {"rt":"Samarkand to Mecca","pt": 8},
      {"rt":"Seoul to Hanoi","pt": 9},
      {"rt":"Tbilisi to Shiraz","pt": 7},
      {"rt":"Tehran to Kathmandu","pt": 11},
      {"rt":"Ulan Bator to Vladivostok","pt": 9},
      {"rt":"Vladivostok to Lhasa","pt": 12},
      {"rt":"Xi'an to Bombay","pt": 9},
      {"rt":"Xi'an to Taipei","pt": 5}
    ],
    "bonuses": [
      {"name":"Connected Cities","pt": 10}
    ]
  },
  {
    "version": "Team Asia",
    "routes": [
      {"rt":"Bangalore to Kathmandu","pt": 6},
      {"rt":"Bangalore to Peking","pt": 18},
      {"rt":"Bangalore to Vientiane","pt": 11},
      {"rt":"Baroda to Calcutta","pt": 6},
      {"rt":"Baroda to Dihua","pt": 11},
      {"rt":"Baroda to Kunming","pt": 12},
      {"rt":"Bombay to Delhi","pt": 4},
      {"rt":"Bombay to Rangoon","pt": 10},
      {"rt":"Bombay to Shanghai","pt": 17},
      {"rt":"Calcutta to Hong Kong","pt": 9},
      {"rt":"Calcutta to Ulan Bator","pt": 12},
      {"rt":"Cawnpore to Foochow","pt": 14},
      {"rt":"Chengdu to Nanchang","pt": 5},
      {"rt":"Chengdu to Peking","pt": 6},
      {"rt":"Chiang Mai to Foochow","pt": 7},
      {"rt":"Chungking to Ulan Bator","pt": 8},
      {"rt":"Delhi to Hanoi","pt": 11},
      {"rt":"Delhi to Madras","pt": 8},
      {"rt":"Delhi to Mandalay","pt": 8},
      {"rt":"Delhi to Peking","pt": 18},
      {"rt":"Dihua to Kunming","pt": 12},
      {"rt":"Dihua to Mukden","pt": 12},
      {"rt":"Fort Bayard to Mukden","pt": 10},
      {"rt":"Hankow to Hong Kong","pt": 4},
      {"rt":"Hankow to Mukden","pt": 6},
      {"rt":"Harbin to Shanghai","pt": 7},
      {"rt":"Hong Kong to Peking","pt": 8},
      {"rt":"Hyderabad to Cawnpore","pt": 3},
      {"rt":"Hyderabad to Dacca","pt": 5},
      {"rt":"Hyderabad to Rawalpindi","pt": 7},
      {"rt":"Jiuquan to Harbin","pt": 8},
      {"rt":"Jiuquan to Shanghai","pt": 7},
      {"rt":"Kabul to Dacca","pt": 9},
      {"rt":"Kabul to Delhi","pt": 3},
      {"rt":"Kabul to Foochow","pt": 18},
      {"rt":"Karachi to Dacca","pt": 9},
      {"rt":"Karachi to Kathmandu","pt": 6},
      {"rt":"Kashgar to Canton","pt": 15},
      {"rt":"Kashgar to Lanchow","pt": 11},
      {"rt":"Kunming to Xi'an","pt": 5},
      {"rt":"Lahore to Bombay","pt": 5},
      {"rt":"Lahore to Chungking","pt": 13},
      {"rt":"Lahore to Karachi","pt": 4},
      {"rt":"Lanchow to Canton","pt": 6},
      {"rt":"Lhasa to Fort Bayard","pt": 7},
      {"rt":"Lhasa to Shanghai","pt": 11},
      {"rt":"Madras to Hanoi","pt": 11},
      {"rt":"Mandalay to Nanning","pt": 4},
      {"rt":"Nagpur to Canton","pt": 11},
      {"rt":"Nagpur to Chiang Mai","pt": 7},
      {"rt":"Nanning to Shanghai","pt": 6},
      {"rt":"Rangoon to Canton","pt": 5},
      {"rt":"Rangoon to Peking","pt": 11},
      {"rt":"Rawalpindi to Calcutta","pt": 7},
      {"rt":"Rawalpindi to Hong Kong","pt": 15},
      {"rt":"Sukkur to Ulan Bator","pt": 16},
      {"rt":"Sukkur to Vientiane","pt": 14},
      {"rt":"Xi'an to Foochow","pt": 3},
      {"rt":"Yinchuan to Dacca","pt": 8},
      {"rt":"Yinchuan to Nanchang","pt": 5}
    ],
    "bonuses": [
      {"name":"Longest Route","pt": 10},
      {"name":"Most Completed Tickets","pt": 15}
    ]
  },
  {
    "version": "Switzerland",
    "routes": [
      {"rt":"*Bern -> Deutschland","pt": 6},
      {"rt":"*Bern -> France","pt": 5},
      {"rt":"*Bern -> Italia","pt": 8},
      {"rt":"*Bern -> Osterreich","pt": 11},
      {"rt":"*Chur -> Deutschland","pt": 6},
      {"rt":"*Chur -> France","pt": 12},
      {"rt":"*Chur -> Italia","pt": 5},
      {"rt":"*Chur -> Osterreich","pt": 3},
      {"rt":"*Lugano -> Deutschland","pt": 12},
      {"rt":"*Lugano -> France","pt": 14},
      {"rt":"*Lugano -> Italia","pt": 2},
      {"rt":"*Lugano -> Osterreich","pt": 13},
      {"rt":"*Zurich -> Deutschland","pt": 3},
      {"rt":"*Zurich -> France","pt": 7},
      {"rt":"*Zurich -> Italia","pt": 11},
      {"rt":"*Zurich -> Osterreich","pt": 7},
      {"rt":"Basel to Bern","pt": 5},
      {"rt":"Basel to Brig","pt": 10},
      {"rt":"Basel to St. Gallen","pt": 8},
      {"rt":"Bern to Chur","pt": 10},
      {"rt":"Bern to Lugano","pt": 10},
      {"rt":"Bern to Schwyz","pt": 5},
      {"rt":"Bern to Zurich","pt": 6},
      {"rt":"Deutschland -> France","pt": 5},
      {"rt":"Deutschland -> France","pt": 5},
      {"rt":"Deutschland -> Italia","pt": 13},
      {"rt":"Deutschland -> Italia","pt": 13},
      {"rt":"Deutschland -> Osterreich","pt": 5},
      {"rt":"Deutschland -> Osterreich","pt": 5},
      {"rt":"France -> Deutschland","pt": 5},
      {"rt":"France -> Deutschland","pt": 5},
      {"rt":"France -> Italia","pt": 11},
      {"rt":"France -> Italia","pt": 11},
      {"rt":"France -> Osterreich","pt": 14},
      {"rt":"France -> Osterreich","pt": 14},
      {"rt":"Fribourg to Luzern","pt": 5},
      {"rt":"Geneve to Basel","pt": 13},
      {"rt":"Geneve to Bern","pt": 8},
      {"rt":"Geneve to Sion","pt": 10},
      {"rt":"Geneve to Zurich","pt": 14},
      {"rt":"Interlaken to Winterthur","pt": 7},
      {"rt":"Italia -> Deutschland","pt": 13},
      {"rt":"Italia -> Deutschland","pt": 13},
      {"rt":"Italia -> France","pt": 11},
      {"rt":"Italia -> France","pt": 11},
      {"rt":"Italia -> Osterreich","pt": 6},
      {"rt":"Italia -> Osterreich","pt": 6},
      {"rt":"Kreuzlingen to Zurich","pt": 3},
      {"rt":"La Chaux-De-Fonds to Bern","pt": 3},
      {"rt":"La Chaux-De-Fonds to Luzern","pt": 7},
      {"rt":"La Chaux-De-Fonds to Zurich","pt": 8},
      {"rt":"Lausanne to Interlaken","pt": 7},
      {"rt":"Lausanne to Luzern","pt": 8},
      {"rt":"Lausanne to St. Gallen","pt": 13},
      {"rt":"Lugano to Chur","pt": 10},
      {"rt":"Luzern to Vaduz","pt": 6},
      {"rt":"Luzern to Zurich","pt": 2},
      {"rt":"Neuchatel to Winterthur","pt": 9},
      {"rt":"Olten to Schaffhausen","pt": 5},
      {"rt":"Osterreich -> Deutschland","pt": 5},
      {"rt":"Osterreich -> Deutschland","pt": 5},
      {"rt":"Osterreich -> France","pt": 14},
      {"rt":"Osterreich -> France","pt": 14},
      {"rt":"Osterreich -> Italia","pt": 6},
      {"rt":"Osterreich -> Italia","pt": 6},
      {"rt":"Schaffhausen to Martigny","pt": 15},
      {"rt":"Schaffhausen to St. Gallen","pt": 4},
      {"rt":"Schaffhausen to Zug","pt": 3},
      {"rt":"St. Gallen to Brusio","pt": 9},
      {"rt":"Winterthur to Schwyz","pt": 3},
      {"rt":"Zurich to Basel","pt": 4},
      {"rt":"Zurich to Brusio","pt": 11},
      {"rt":"Zurich to Lugano","pt": 9},
      {"rt":"Zurich to Vaduz","pt": 6}
    ],
    "bonuses": [
      {"name":"Longest Route","pt": 10}
    ]
  },
  {
    "version": "Nederlands",
    "routes": [
      {"rt":"'s-Gravenhage to Antwerpen","pt": 14},
      {"rt":"'s-Gravenhage to Liege","pt": 18},
      {"rt":"Amsterdam to 's-Gravenhage","pt": 9},
      {"rt":"Amsterdam to Antwerpen","pt": 19},
      {"rt":"Amsterdam to Maastricht","pt": 20},
      {"rt":"Amsterdam to Nijmegen","pt": 13},
      {"rt":"Amsterdam to Rotterdam","pt": 10},
      {"rt":"Arnhem to 's-Gravenhage","pt": 14},
      {"rt":"Arnhem to 's-Hertogenbosch","pt": 10},
      {"rt":"Breda to Eindhoven","pt": 7},
      {"rt":"Den Helder to Liege","pt": 29},
      {"rt":"Den Helder to Rotterdam","pt": 14},
      {"rt":"Duisburg to Rotterdam","pt": 23},
      {"rt":"Emden to Utrecht","pt": 22},
      {"rt":"Emden to Waddeneilanden","pt": 16},
      {"rt":"Emmen to Antwerpen","pt": 33},
      {"rt":"Emmen to Lelystad","pt": 13},
      {"rt":"Enschede to Amsterdam","pt": 15},
      {"rt":"Enschede to Eindhoven","pt": 15},
      {"rt":"Groningen to Amsterdam","pt": 21},
      {"rt":"Groningen to Breda","pt": 31},
      {"rt":"Groningen to Enschede","pt": 14},
      {"rt":"Groningen to Middelburg","pt": 34},
      {"rt":"Haarlem to Breda","pt": 12},
      {"rt":"Leeuwarden to 's-Hertogenbosch","pt": 24},
      {"rt":"Leeuwarden to Antwerpen","pt": 32},
      {"rt":"Leeuwarden to Haarlem","pt": 15},
      {"rt":"Lelystad to Aarschot","pt": 24},
      {"rt":"Liege to Duisburg","pt": 12},
      {"rt":"Lingen to 's-Gravenhage","pt": 26},
      {"rt":"Lingen to Duisburg","pt": 14},
      {"rt":"Nijmegen to Antwerpen","pt": 21},
      {"rt":"Roermond to Middelburg","pt": 21},
      {"rt":"Rotterdam to Antwerpen","pt": 13},
      {"rt":"Rotterdam to Turnhout","pt": 12},
      {"rt":"Sneek to Eindhoven","pt": 26},
      {"rt":"Sneek to Utrecht","pt": 16},
      {"rt":"Utrecht to Hasselt","pt": 22},
      {"rt":"Utrecht to Middelburg","pt": 19},
      {"rt":"Waddeneilanden to 's-Gravenhage","pt": 20},
      {"rt":"Waddeneilanden to Duisburg","pt": 31},
      {"rt":"Zwolle to Haarlem","pt": 14},
      {"rt":"Zwolle to Maastricht","pt": 18},
      {"rt":"Zwolle to Rotterdam","pt": 17}
    ],
    "bonuses": [
      {"name":"+10 Bonus","pt": 10},
      {"name":"+20 Bonus","pt": 20},
      {"name":"+35 Bonus","pt": 35},
      {"name":"+55 Bonus","pt": 55}
    ]
  },
  {
    "version": "Heart of Africa",
    "routes": [
      {"rt":"Addis Ababa to Libreville ","pt":17},
      {"rt":"Addis Ababa to Mocambique ","pt":14},
      {"rt":"Bangui to Mocambique ","pt":18},
      {"rt":"Bangui to Port Elizabeth ","pt":21},
      {"rt":"Bogoro to Madagascar ","pt":13},
      {"rt":"Bogoro to Port Nolloth   ","pt":19},
      {"rt":"Bondo to Cape Town   ","pt":22},
      {"rt":"Bulawayo to Port Nolloth ","pt":11},
      {"rt":"Cabinda to Pretoria  ","pt":12},
      {"rt":"Dar Es Salaam to East London ","pt":14},
      {"rt":"Douala to Bondo  ","pt":7},
      {"rt":"Doulala to Cape Town ","pt":17},
      {"rt":"Durban to Addis Ababa    ","pt":20},
      {"rt":"Durban to Cape Town  ","pt":8},
      {"rt":"Elizabethville to Durban ","pt":9},
      {"rt":"Fachoda to Cabinda   ","pt":13},
      {"rt":"Fachoda to Pretoria  ","pt":20},
      {"rt":"Leopoldvill to Walvis Bay ","pt":11},
      {"rt":"Leopoldville to Bulawayo ","pt":14},
      {"rt":"Leopoldville to Mombasa  ","pt":15},
      {"rt":"Livingstonia to Madagascar ","pt":8},
      {"rt":"Luanda to Dar Es Salaam  ","pt":19},
      {"rt":"Luanda to Elizabethville ","pt":13},
      {"rt":"Madagascar to Libreville ","pt":27},
      {"rt":"Madagascar to Pretoria   ","pt":7},
      {"rt":"Mocambique to Port Elizabeth ","pt":11},
      {"rt":"Mocambique to Salisbury  ","pt":6},
      {"rt":"Mocamedes to Durban  ","pt":15},
      {"rt":"Mocamedes to Zomba   ","pt":16},
      {"rt":"Mombasa to Cape Town ","pt":19},
      {"rt":"Mombasa to Zomba ","pt":7},
      {"rt":"Ngaoundere to Beira  ","pt":22},
      {"rt":"Nigeria to Addis Ababa   ","pt":17},
      {"rt":"Nigeria to Durban   ","pt":20},
      {"rt":"Nigeria to Leopoldville  ","pt":7},
      {"rt":"Nigeria to Walvis Bay    ","pt":12},
      {"rt":"Port Florence to Bloemfontein ","pt":17},
      {"rt":"Pretoria to Cape Town    ","pt":7},
      {"rt":"Salisbury to Pretoria    ","pt":5},
      {"rt":"Sepra Pinto to Cape Town ","pt":13},
      {"rt":"Serpa Pinto to Port Florence ","pt":18},
      {"rt":"Sudan to Beira   ","pt":21},
      {"rt":"Sudan to Ngaoundere  ","pt":11},
      {"rt":"Tchad to Mombasa ","pt":14},
      {"rt":"Tchad to Windhoek    ","pt":18},
      {"rt":"Ujiji to Dar Es Salaam   ","pt":8},
      {"rt":"Ujiji to East London ","pt":14},
      {"rt":"Windhoek to Bloemfontein ","pt":8}
    ],
    "bonuses": [
      {"name":"Most Completed Tickets","pt": 10}
    ]
  },
  {
    "version": "Marklin",
    "routes": [
      {"rt":"Bremen to Berlin","pt": 10},
      {"rt":"Chemnitz to Berlin","pt": 6},
      {"rt":"Dusseldorf to Berlin","pt": 13},
      {"rt":"Dusseldorf to Bremen","pt": 5},
      {"rt":"France to Bremerhaven","pt": 12},
      {"rt":"Frankfurt to Berlin","pt": 14},
      {"rt":"Freiburg to Emden","pt": 15},
      {"rt":"Hamburg to Dresden","pt": 12},
      {"rt":"Hamburg to Frankfurt","pt": 11},
      {"rt":"Kassel to Bremen","pt": 6},
      {"rt":"Kassel to Freiburg","pt": 10},
      {"rt":"Koln to Hamburg","pt": 9},
      {"rt":"Konstanz to Dusseldorf","pt": 10},
      {"rt":"Leipzig to France","pt": 15},
      {"rt":"Leipzig to Hannover","pt": 6},
      {"rt":"Leipzig to Koln","pt": 12},
      {"rt":"Lindau to Danmark","pt": 22},
      {"rt":"Lindau to Frankfurt","pt": 8},
      {"rt":"Magden to Dortmund","pt": 9},
      {"rt":"Mannheim to Dortmund","pt": 6},
      {"rt":"Munchen to Berlin","pt": 15},
      {"rt":"Munchen to France","pt": 8},
      {"rt":"Munchen to Hamburg","pt": 18},
      {"rt":"Munster to Munchen","pt": 14},
      {"rt":"Nederland to Berlin","pt": 13},
      {"rt":"Nederland to Frankfurt","pt": 8},
      {"rt":"Nederland to Karlsruhe","pt": 9},
      {"rt":"Nurnberg to Kiel","pt": 15},
      {"rt":"Nurnberg to Koln","pt": 8},
      {"rt":"Osterreich to Emden","pt": 22},
      {"rt":"Osterreich to Frankfurt","pt": 11},
      {"rt":"Osterreich to Munster","pt": 17},
      {"rt":"Regensburg to Bremerhaven","pt": 16},
      {"rt":"Regensburg to Dankmark","pt": 20},
      {"rt":"Regensburg to Karlsruhe","pt": 9},
      {"rt":"Rostock to Konstanz","pt": 22},
      {"rt":"Rostock to Osterreich","pt": 22},
      {"rt":"Saarbrucken to Dresden","pt": 16},
      {"rt":"Saarbrucken to Hannover","pt": 11},
      {"rt":"Schweiz to Berlin","pt": 20},
      {"rt":"Schweiz to Kiel","pt": 21},
      {"rt":"Schweiz to Koln","pt": 10},
      {"rt":"Stuttgart to Hamburg","pt": 15},
      {"rt":"Stuttgart to Koln","pt": 6},
      {"rt":"Stuttgart to Munster","pt": 9},
      {"rt":"Stuttgart to Nurnberg","pt": 7}
    ],
    "bonuses": [
      {"name":"Most Completed Tickets","pt": 10}
    ]
  },
  {
    "version":"Deutschland",
    "routes": [
      {"rt":"Berlin to Dusseldorf","pt":13},
      {"rt":"Berlin to Mainz","pt":15},
      {"rt":"Berlin to Chemnitz","pt":6},
      {"rt":"Berlin to Frankfurt","pt":14},
      {"rt":"Berlin to Munchen","pt":15},
      {"rt":"Berlin to Schweiz","pt":20},
      {"rt":"Bremen to Berlin","pt":10},
      {"rt":"Bremen to Dusseldorf","pt":5},
      {"rt":"Bremen to Kassel","pt":6},
      {"rt":"Bremenhaven to Frankreich","pt":12},
      {"rt":"Bremenhaven to Regensburg","pt":16},
      {"rt":"Danemark to Lindau","pt":22},
      {"rt":"Danemark to Niederlande","pt":10},
      {"rt":"Danemark to Regensburg","pt":20},
      {"rt":"Dortmund to Erfurt","pt":7},
      {"rt":"Dortmund to Magdeburg","pt":9},
      {"rt":"Dortmund to Mannheim","pt":6},
      {"rt":"Dortmund to Munchen","pt":13},
      {"rt":"Dresden to Augsburg","pt":12},
      {"rt":"Dresden to Saarbrucken","pt":16},
      {"rt":"Dusseldorf to Konstanz","pt":10},
      {"rt":"Emden to Freiburg","pt":15},
      {"rt":"Emden to Osterreich","pt":19},
      {"rt":"Erfurt to Wurzburg","pt":6},
      {"rt":"Frankfurt to Lindau","pt":8},
      {"rt":"Frankfurt to Munchen","pt":9},
      {"rt":"Frankfurt to Osterreich","pt":10},
      {"rt":"Frankreich to Danemark","pt":17},
      {"rt":"Frankreich to Leipzig","pt":15},
      {"rt":"Frankreich to Munchen","pt":8},
      {"rt":"Hamburg  to Rostock","pt":4},
      {"rt":"Hamburg to Dresden","pt":12},
      {"rt":"Hamburg to Frankfurt","pt":11},
      {"rt":"Hamburg to Koln","pt":9},
      {"rt":"Hamburg to Munchen","pt":18},
      {"rt":"Hamburg to Stuttgart","pt":15},
      {"rt":"Hannover to Leipzig","pt":6},
      {"rt":"Hannover to Saarbrucken","pt":11},
      {"rt":"Karlsruhe to Augsburg","pt":4},
      {"rt":"Karlsruhe to Regensburg","pt":9},
      {"rt":"Kassel to Freiburg","pt":10},
      {"rt":"Kiel to Schweiz","pt":20},
      {"rt":"Kiel to Nurnberg","pt":15},
      {"rt":"Koblenz to Ulm","pt":7},
      {"rt":"Koln to Nurnberg","pt":8},
      {"rt":"Koln to Schweiz","pt":10},
      {"rt":"Koln to Stuttgart","pt":6},
      {"rt":"Koln to Leipzig","pt":12},
      {"rt":"Leipzig to Nurnberg","pt":7},
      {"rt":"Leipzig to Ulm","pt":12},
      {"rt":"Mainz to Stuttgart","pt":3},
      {"rt":"Mannheim to Wurzburg","pt":4},
      {"rt":"Munster to Munchen","pt":14},
      {"rt":"Munster to Osterreich","pt":15},
      {"rt":"Munster to Stuttgart","pt":9},
      {"rt":"Niedelande to Karlsruhe","pt":9},
      {"rt":"Niederlande to Berlin","pt":13},
      {"rt":"Niederlande to Frankfurt","pt":8},
      {"rt":"Nurnberg to Stuttgart","pt":7},
      {"rt":"Rostock to Konstanz","pt":22},
      {"rt":"Rostock to Osterreich","pt":22},
      {"rt":"Schwerin to Koblenz","pt":12}
    ],
    "bonuses":[
      {"rt":"*Bonus - Longest Route","pt":15}
    ]
  }
]
